total_hardening_effort,one_implementation,two_implementations,four_implementations
0.0,0.049600000000000005,0.02485,0.0310375
0.05,0.04766868521022828,0.023881928587355702,0.030303311889349326
0.1,0.04583156175422401,0.02295636174373526,0.029585580782982485
0.15,0.0440840358664323,0.022071342758295056,0.02888405277484933
0.2,0.042421737821888086,0.021225007479600037,0.028198469604787203
0.25,0.04084051100962764,0.020415579872321052,0.027528569408685803
0.3,0.039336401538996035,0.019641367788884874,0.02687408741411345
0.35,0.03790564835286106,0.018900758945636552,0.02623475658468103
0.4,0.036544673823011325,0.018192217093582142,0.025610308216238584
0.45,0.03525007480422224,0.01751427837426316,0.025000472487827656
0.5,0.03401861412462029,0.01686554785177364,0.02440497897014966
0.55,0.03284721249106728,0.01624469621236866,0.023823557094156844
0.6,0.031732940789323455,0.015650456623528586,0.02325593658222653
0.65,0.030673012759736242,0.015081621744739709,0.022701847844240956
0.7,0.02966477803013982,0.014537040882628138,0.022161022340765012
0.75,0.028705715488544184,0.014015617283442177,0.021633192915389794
0.8,0.027793426979041972,0.01351630555621906,0.021118094098193377
0.85,0.02692563130516958,0.013038109220296223,0.020615462382159146
0.9,0.026100158525727727,0.012580078371135542,0.020125036474287462
0.95,0.02531494452879825,0.01214130745872226,0.019646557523036876
1.0,0.02456802587038912,0.011720933173079704,0.019179769323637946
1.05,0.023857534864801754,0.011318132431705877,0.018724418502733098
1.1,0.023181694914443954,0.010932120463991037,0.01828025468371293
1.15,0.02253881606741051,0.010562148987915293,0.017847030634039272
1.2,0.021927290791723206,0.010207504474553972,0.017424502395770702
1.25,0.02134558995566353,0.009867506496135815,0.01701242940043498
1.3,0.0207922590041469,0.009541506153606008,0.01661057456932585
1.35,0.020265914321577302,0.009228884579842712,0.016218704400238322
1.4,0.01976523977208762,0.008929051514863012,0.015836589041596405
1.45,0.019288983408514388,0.008641443949532226,0.015464002354870684
1.5,0.018835954341877823,0.008365524834459966,0.01510072196612973
1.55,0.018405019763539025,0.008100781850927418,0.014746529307518517
1.6,0.017995102112588354,0.007846726240843736,0.014401209649409386
1.65,0.017605176381381867,0.007602891692875142,0.01406455212392583
1.7,0.017234267552488292,0.007368833282029234,0.013736349740497112
1.75,0.01688144816063763,0.007144126460108839,0.013416399394060818
1.8,0.016545835973574827,0.006928366094575477,0.013104501866493186
1.85,0.016226591786019654,0.006721165553481807,0.012800461821810617
1.9,0.01592291732121635,0.00652215583424619,0.012504087795652302
1.95,0.015634053234825942,0.006330984734150579,0.01221519217952167
2.0,0.015359277216169866,0.00614731606054577,0.011933591200234402
2.05,0.015097902182077048,0.005970828878845956,0.011659104894992379
2.1,0.014849274558818085,0.005801216796487585,0.011391557082475832
2.15,0.014612772647830482,0.005638187281116064,0.011130775330321065
2.2,0.014387805071148422,0.00548146101134816,0.010876590919326976
2.25,0.014173809292649829,0.005330771258538061,0.010628838804711334
2.3,0.01397025021142303,0.005185863298051315,0.010387357574716491
2.35,0.013776618823735765,0.005046493848623424,0.01015198940684433
2.4,0.013592430950260736,0.004912430538448936,0.009922580021981462
2.45,0.013417226025375073,0.004783451396712409,0.009698978636657906
2.5,0.013250565945506394,0.004659344369335264,0.009481037913666019
2.55,0.013092033973645665,0.0045399068577718135,0.009268613911250575
2.6,0.012941233697287623,0.004424945279744429,0.009061566031066249
2.65,0.012797788037193013,0.0043142746508615035,0.008859756965084852
2.7,0.012661338304494093,0.004207718186113097,0.0086630526416217
2.75,0.012531543303785619,0.004105106920287841,0.008471322170638068
2.8,0.012408078479958631,0.004006279346400977,0.008284437788465293
2.85,0.012290635106643603,0.003911081071267511,0.008102274802085238
2.9,0.012178919514233727,0.003819364487396369,0.007924711533091575
2.95,0.012072652355557923,0.0037309884604213315,0.007751629261446876
3.0,0.011971567907367413,0.0036458180313225295,0.007582912169141504
3.05,0.011875413405889181,0.0035637241327283174,0.007418447283851877
3.1,0.01178394841478489,0.0034845833186217612,0.007258124422687792
3.15,0.011696944223934792,0.0034082775068086458,0.007101836136111097
3.2,0.011614183277543303,0.0033346937335349915,0.006949477652101075
3.25,0.011535458630136192,0.0032637239196716935,0.00680094682063545
3.3,0.011460573429089104,0.0031952646479120154,0.006656144058549677
3.35,0.011389340422393463,0.0031292169504544853,0.0065149722948317935
3.4,0.011321581490428913,0.0030654861066692234,0.006377336916404447
3.45,0.011257127200571492,0.0030039814502699517,0.006243145714441002
3.5,0.011195816383523814,0.002944616185537051,0.0061123088312578745
3.55,0.011137495730307883,0.0028873072121589557,0.00598473870782085
3.6,0.011082019408912786,0.0028319749582800795,0.005860350031899223
3.65,0.011029248699638713,0.0027785432213633166,0.005739059686897753
3.7,0.01097905164822544,0.0027269390164941067,0.005620786701392825
3.75,0.010931302735897961,0.002677092431771018,0.005505452199396146
3.8,0.010885882565504159,0.0026289364904449335,0.005392979351366018
3.85,0.010842677562959736,0.002582407019485215,0.005283293325983553
3.9,0.010801579693253854,0.0025374425242667294,0.005176321242708517
3.95,0.010762486190305322,0.0024939840690863346,0.0050719921251270285
4.0,0.010725299299993874,0.0024519751632315224,0.004970236855101107
4.05,0.010689926035723944,0.002411361652337193,0.004870988127727907
4.1,0.010656277945909747,0.0023720916147793075,0.004774180407114649
4.15,0.010624270892800238,0.0023341152628662174,0.004679749882973323
4.2,0.010593824842090918,0.0022973848485999837,0.004587634428037698
4.25,0.01056486366279637,0.002261854573790968,0.004497773556303595
4.3,0.010537314936883157,0.0022274805043193597,0.0044101083820919885
4.35,0.010511109778187004,0.0021942204883472504,0.004324581579933217
4.4,0.01048618266016151,0.0021620340782942883,0.004241137345269413
4.45,0.01046247125202766,0.002130882456398912,0.00415972135597115
4.5,0.010439916262914396,0.002100728363695724,0.004080280734663361
4.55,0.010418461293600566,0.002071536032247694,0.004002764011854656
4.6,0.01039805269548749,0.002043271120479602,0.003927121089863362
4.65,0.010378639436449524,0.0020159006514665016,0.0038533032075328574
4.7,0.010360172973227156,0.001989392954038015,0.003781262905728161
4.75,0.010342607130043577,0.0019637176065658863,0.0037109539936050094
4.8,0.010325897983141194,0.0019388453833086244,0.003642331515642306
4.85,0.01031000375094934,0.001914748203193068,0.003575351719428153
4.9,0.010294884689608604,0.0018913990809184564,0.003509972024189421
4.95,0.010280502993590466,0.001868772080274084,0.00344615099005431
5.0,0.010266822701163785,0.0018468422695667927,0.00338384828803711
5.05,0.010253809604471753,0.0018255856790595282,0.003323024670734054
5.1,0.01024143116399442,0.0018049792603269013,0.0032636419437189423
5.15,0.01022965642718295,0.0017850008474381738,0.0032056629376269585
5.2,0.010218455951062128,0.0017656291198823752,0.0031490514809150126
5.25,0.010207801728607583,0.0017468435671543047,0.0030937723732867273
5.3,0.010197667118713644,0.0017286244549240609,0.0030397913597701477
5.35,0.010188026779576696,0.0017109527927164061,0.002987075105436139
5.4,0.010178856605327462,0.0016938103030298035,0.0029355911707453913
5.45,0.010170133665753794,0.0016771793918282697,0.0028853079875119404
5.5,0.010161836148963177,0.0016610431203423948,0.0028361948354710762
5.55,0.010153943306841655,0.0016453851781188758,0.002788221819439573
5.6,0.010146435403172725,0.0016301898572608161,0.0027413598470561527
5.65,0.01013929366428652,0.001615442027803763,0.002695580607090192
5.7,0.010132500232115862,0.0016011271141750658,0.002650856548306711
5.75,0.010126038119541783,0.0015872310726866299,0.0026071608588757937
5.8,0.010119891167916882,0.0015737403700134987,0.002564467446314651
5.85,0.010114044006660295,0.0015606419626129407,0.002522750917950668
5.9,0.010108482014823228,0.0015479232770408756,0.002481986561893877
5.95,0.010103191284528976,0.0015355721911244936,0.0024421503285074263
6.0,0.010098158586195989,0.001523577015951878,0.0024032188123647284
6.05,0.010093371335457013,0.0015119264786412844,0.002365169234682166
6.1,0.010088817561691638,0.0015006097058544918,0.0023279794262162957
6.15,0.010084485878093494,0.001489616208020304,0.002291627810614726
6.2,0.010080365453197312,0.0014789358642359025,0.002256093388209952
6.25,0.010076445983794617,0.0014685589078152338,0.0022213557202455953
6.3,0.010072717669170346,0.0014584759124550966,0.002187394913524698
6.35,0.010069171186595942,0.001448677778990942,0.00215419160546984
6.4,0.01006579766801769,0.001439155722715736,0.0021217269495850677
6.45,0.010062588677881954,0.0014299012612364547,0.0020899826013097648
6.5,0.010059536192041913,0.0014209062028440033,0.002058940704254767
6.55,0.010056632577692992,0.0014121626353734516,0.002028583876811253
6.6,0.010053870574286897,0.0014036629155325798,0.0019988951991230406
6.65,0.010051243275376447,0.0013953996586777424,0.001969858200413172
6.7,0.01004874411134587,0.0013873657290170407,0.0019414568466558076
6.75,0.010046366832983331,0.0013795542302217276,0.0019136755285846252
6.8,0.010044105495854655,0.0013719584964276446,0.001886499050029138
6.85,0.010041954445439141,0.0013645720836093559,0.0018599126165704833
6.9,0.010039908302990322,0.0013573887613104268,0.0018339018245084177
6.95,0.010037961952086283,0.0013504025047140742,0.0018084526501314627
7.0,0.010036110525835959,0.0013436074870391463,0.0017835514392822733
7.05,0.010034349394709357,0.0013369980722470727,0.0017591848972105032
7.1,0.01003267415496133,0.0013305688080461086,0.0017353400787056214
7.15,0.010031080617619913,0.001324314419179802,0.0017120043785022708
7.2,0.010029564798011717,0.0013182298009872437,0.0016891655219509513
7.25,0.010028122905798166,0.0013123100132232017,0.0016668115559469808
7.3,0.010026751335497677,0.0013065502741268131,0.0016449308401108365
7.35,0.01002544665747008,0.0013009459547280138,0.001623512038213143
7.4,0.010024205609340732,0.0012954925733813804,0.001602544109837743
7.45,0.010023025087842873,0.001290185790517539,0.0015820163022764273
7.5,0.010021902141057854,0.0012850214036027338,0.0015619181426490783
7.55,0.010020833961033798,0.0012799953422975956,0.001542239430243107
7.6,0.010019817876764248,0.001275103663806531,0.0015229702290662334
7.65,0.010018851347509282,0.0012703425484095717,0.0015041008606067954
7.7,0.010017931956442317,0.0012657082951688743,0.0014856218967959265
7.75,0.010017057404606797,0.001261197317802421,0.0014675241531660614
7.8,0.0100162255051676,0.0012568061407178107,0.001449798682200407
7.85,0.01001543417794281,0.0012525313951993466,0.0014324367668681088
7.9,0.01001468144420218,0.0012483698157419365,0.0014154299143400106
7.95,0.010013965421719279,0.0012443182365256124,0.001398769849880013
8.0,0.010013284320064939,0.0012403735880247505,0.0013824485109071806
8.05,0.010012636436130255,0.0012365328937463498,0.001366458041223866
8.1,0.010012020149867924,0.001232793267091958,0.0013507907854052453
8.15,0.010011433920241277,0.0012291519083381058,0.0013354392833457684
8.2,0.010010876281370897,0.0012256061017303082,0.0013203962649581701
8.25,0.010010345838869146,0.0012221532126859324,0.001305654645020773
8.3,0.010009841266353474,0.0012187906851014376,0.001291207518168954
8.35,0.010009361302129774,0.0012155160387596795,0.001277048154026733
8.4,0.010008904746037483,0.0012123268668331768,0.0012631699924745654
8.45,0.01000847045644856,0.0012092208334794103,0.001249566639049524
8.5,0.010008057347412821,0.0012061956715244029,0.0012362318604741387
8.55,0.010007664385942501,0.0012032491802309864,0.001223159580310306
8.6,0.010007290589429237,0.001200379223148326,0.0012103438747347228
8.65,0.010006935023187044,0.0011975837260394216,0.001197778968432433
8.7,0.01000659679811511,0.001194860674883445,0.0011854592306051776
8.75,0.010006275068474584,0.0011922081139499109,0.0011733791710912698
8.8,0.01000596902977378,0.0011896241439418147,0.0011615334365938895
8.85,0.010005677916756541,0.0011871069202049815,0.0011499168070147033
8.9,0.010005401001488688,0.0011846546510010073,0.001138524191889847
8.95,0.010005137591537813,0.001182265595841271,0.001127350626925376
9.0,0.010004887028241833,0.0011799380638796123,0.0011163912706293555
9.05,0.010004648685061998,0.0011776704123613734,0.001105641401037869
9.1,0.01000442196601621,0.0011754610451265967,0.0010950964125322736
9.15,0.010004206304188759,0.00117330841116527,0.0010847518127451163
9.2,0.01000400116031275,0.0011712110032225979,0.0010746032195521995
9.25,0.010003806021421632,0.0011691673564523616,0.0010646463581483483
9.3,0.010003620399566537,0.001167176047116519,0.0010548770582045086
9.35,0.01000344383059614,0.001165235691329264,0.0010452912511038583
9.4,0.010003275872996044,0.0011633449438438483,0.0010358849672546936
9.45,0.010003116106784763,0.0011615024968805372,0.0010266543334779123
9.5,0.010002964132463554,0.0011597070789941368,0.001017595570466962
9.55,0.01000281957001745,0.0011579574539795961,0.0010087049903182116
9.6,0.010002682057965038,0.0011562524198142539,0.000999978994129728
9.65,0.010002551252454561,0.001154590807635354,0.0009914140696665223
9.7,0.010002426826404108,0.0011529714807515113,0.0009830067890903768
9.75,0.010002308468683743,0.0011513933336868682,0.0009747538067524113
9.8,0.010002195883337514,0.0011498552912567266,0.0009666518570466118
9.85,0.010002088788843415,0.0011483563076734999,0.0009586977523225834
9.9,0.010001986917409424,0.0011468953656818628,0.0009508883808558469
9.95,0.010001890014303898,0.001145471475722039,0.0009432207048740448
10.0,0.010001797837218595,0.0011440836751201947,0.0009356917586374633
10.05,0.01000171015566279,0.0011427310273049586,0.0009282986465723337
10.1,0.010001626750386922,0.0011414126210491193,0.0009210385414554097
10.15,0.010001547412834358,0.0011401275697356015,0.0009139086826483636
10.2,0.01000147194461989,0.0011388750106468407,0.0009069063743805942
10.25,0.010001400157033677,0.0011376541042767297,0.0009000289840790595
10.3,0.010001331870569355,0.001136464033664332,0.0008932739407438169
10.35,0.010001266914475197,0.0011353040037485873,0.0008866387333679569
10.4,0.010001205126327134,0.0011341732407432786,0.0008801209094006861
10.45,0.01000114635162261,0.0011330709915315373,0.0008737180732523276
10.5,0.01000109044339425,0.0011319965230792168,0.0008674278848400551
10.55,0.010001037261842365,0.0011309491218664649,0.0008612480581732071
10.6,0.010000986673985367,0.001129928093336876,0.000855176359977059
10.65,0.01000093855332727,0.0011289327613636083,0.0008492106083539663
10.7,0.010000892779541363,0.0011279624677318844,0.0008433486714808267
10.75,0.010000849238169338,0.0011270165716373184,0.0008375884663418217
10.8,0.010000807820335083,0.0011260944491995255,0.0008319279574954602
10.85,0.010000768422472441,0.0011251954929904987,0.000826365155874938
10.9,0.010000730946066233,0.001124319111577252,0.0008208981176208843
10.95,0.010000695297405925,0.0011234647290782477,0.0008155249429455793
11.0,0.010000661387351294,0.001122631784733153,0.0008102437750277521
11.05,0.010000629131109544,0.0011218197324854736,0.0008050527989371083
11.1,0.010000598448023265,0.0011210280405776376,0.0007999502405877355
11.15,0.010000569261368766,0.0011202561911581232,0.0007949343657195904
11.2,0.0100005414981642,0.0011195036799002255,0.0007900034789072693
11.25,0.010000515088987102,0.0011187700156320853,0.0007851559225952958
11.3,0.010000489967800766,0.001118054719977611,0.0007803900761591873
11.35,0.010000466071789149,0.001117357327007937,0.0007757043549915738
11.4,0.010000443341199768,0.0011166773829030794,0.0007710972096126661
11.45,0.010000421719194312,0.001116014445623456,0.0007665671248043982
11.5,0.010000401151706508,0.0011153680845909593,0.000762112618767572
11.55,0.010000381587306918,0.0011147378803792695,0.0007577322423013733
11.6,0.010000362977074356,0.0011141234244131186,0.0007534245780046238
11.65,0.010000345274473545,0.0011135243186762166,0.0007491882394981708
11.7,0.010000328435238766,0.0011129401754275655,0.0007450218706678208
11.75,0.010000312417263157,0.001112370616925905,0.0007409241449272485
11.8,0.010000297180493436,0.0011118152751620205,0.000736893764500323
11.85,0.010000282686829745,0.0011112737915986777,0.0007329294597223125
11.9,0.010000268900030373,0.0011107458169179443,0.0007290299883594436
11.95,0.010000255785621139,0.0011102310107756652,0.0007251941349463083
12.0,0.010000243310809193,0.0011097290415628745,0.00072142071014062
12.05,0.010000231444401002,0.001109239586173928,0.0007177085500948399
12.1,0.01000022015672437,0.0011087623297811506,0.0007140565158442122
12.15,0.010000209419554222,0.0011082969656157984,0.0007104634927107463
12.2,0.010000199206042042,0.0011078431947551442,0.0007069283897227124
12.25,0.010000189490648728,0.0011074007259155,0.0007034501390492218
12.3,0.010000180249080738,0.001106969275250994,0.0007000276954494751
12.35,0.010000171458229337,0.0011065485661579356,0.000696660035736276
12.4,0.010000163096112819,0.0011061383290845899,0.000693346158253418
12.45,0.010000155141821536,0.0011057383013462112,0.0006900850823665651
12.5,0.010000147575465615,0.0011053482269451694,0.0006868758479672554
12.55,0.010000140378125228,0.0011049678563960204,0.0006837175149896678
12.6,0.010000133531803273,0.001104596946555378,0.000680609162939804
12.65,0.010000127019380379,0.0011042352604564386,0.0006775498904367463
12.7,0.0100001208245721,0.0011038825671480276,0.0006745388147656626
12.75,0.010000114931888184,0.0011035386415380298,0.0006715750714422357
12.8,0.010000109326593853,0.001103203264241079,0.0006686578137882107
12.85,0.010000103994672953,0.0011028762214303814,0.000665786212517753
12.9,0.010000098922792905,0.0011025573046935528,0.0006629594553343278
12.95,0.010000094098271364,0.0011022463108923497,0.0006601767465378151
13.0,0.010000089509044517,0.0011019430420261891,0.0006574373066415782
13.05,0.010000085143636903,0.001101647305099341,0.0006547403719992259
13.1,0.010000080991132731,0.0011013589119916911,0.0006520851944407954
13.15,0.010000077041148579,0.0011010776793329692,0.0006494710409181125
13.2,0.010000073283807425,0.0011008034283803494,0.0006468971931590739
13.25,0.010000069709713962,0.0011005359848993185,0.0006443629473306148
13.3,0.010000066309931095,0.0011002751790477271,0.0006418676137101299
13.35,0.010000063075957593,0.0011000208452629269,0.0006394105163651163
13.4,0.010000059999706842,0.0010997728221519105,0.0006369909928408253
13.45,0.010000057073486609,0.0010995309523843717,0.0006346083938556996
13.5,0.010000054289979821,0.0010992950825885945,0.0006322620830043956
13.55,0.010000051642226261,0.0010990650632501054,0.0006299514364681855
13.6,0.010000049123605166,0.0010988407486129976,0.000627675842732541
13.65,0.010000046727818672,0.0010986219965838625,0.0006254347023117103
13.7,0.010000044448876063,0.0010984086686382536,0.0006232274274800998
13.75,0.010000042281078798,0.0010982006297296082,0.0006210534420102834
13.8,0.010000040219006252,0.0010979977482005652,0.0006189121809174599
13.85,0.010000038257502172,0.0010977998956966065,0.0006168030902101897
13.9,0.010000036391661773,0.001097606947081966,0.0006147256266472465
13.95,0.010000034616819484,0.0010974187803577335,0.0006126792575004194
14.0,0.010000032928537277,0.0010972352765821025,0.00061066346032311
14.05,0.010000031322593564,0.0010970563197926987,0.0006086777227245743
14.1,0.010000029794972649,0.0010968817969309313,0.0006067215421496563
14.15,0.010000028341854686,0.0010967115977683164,0.0006047944256638745
14.2,0.010000026959606122,0.001096545614834715,0.000602895889743716
14.25,0.010000025644770616,0.0010963837433484336,0.0006010254600720073
14.3,0.010000024394060395,0.0010962258811481407,0.0005991826713382251
14.35,0.010000023204348032,0.0010960719286265451,0.0005973670670436189
14.4,0.010000022072658623,0.0010959217886657927,0.0005955781993110225
14.45,0.01000002099616236,0.0010957753665745325,0.0005938156286992301
14.5,0.010000019972167437,0.0010956325700266082,0.0005920789240218189
14.55,0.010000018998113338,0.001095493309001333,0.0005903676621703055
14.6,0.010000018071564417,0.0010953574957253023,0.0005886814279415188
14.65,0.010000017190203821,0.001095225044615704,0.0005870198138690857
14.7,0.010000016351827687,0.001095095872225091,0.0005853824200589212
14.75,0.010000015554339641,0.001094969897187568,0.0005837688540286193
14.8,0.010000014795745546,0.001094847040166364,0.0005821787305506446
14.85,0.01000001407414852,0.001094727223802748,0.0005806116714992295
14.9,0.010000013387744196,0.001094610372666253,0.0005790673057008771
14.95,0.010000012734816207,0.0010944964132061784,0.000577545268788383
15.0,0.010000012113731891,0.0010943852737043277,0.0005760452030582823
15.05,0.010000011522938217,0.0010942768842289602,0.0005745667573316355
15.1,0.010000010960957888,0.0010941711765899145,0.0005731095868180689
15.15,0.010000010426385665,0.0010940680842948804,0.000571673352982986
15.2,0.010000009917884835,0.0010939675425067836,0.0005702577234178696
15.25,0.010000009434183884,0.001093869488002259,0.0005688623717135975
15.3,0.010000008974073308,0.0010937738591311789,0.0005674869773366926
15.35,0.010000008536402587,0.0010936805957772135,0.000566131225508436
15.4,0.010000008120077319,0.0010935896393193913,0.0005647948070867704
15.45,0.010000007724056476,0.001093500932594641,0.0005634774184509236
15.5,0.010000007347349796,0.001093414419861278,0.0005621787613886806
15.55,0.01000000698901532,0.001093330046763425,0.0005608985429862452
15.6,0.01000000664815702,0.0010932477602963277,0.0005596364755206166
15.65,0.010000006323922575,0.0010931675087725555,0.000558392276354427
15.7,0.010000006015501231,0.0010930892417890547,0.0005571656678331738
15.75,0.010000005722121775,0.001093012910195036,0.0005559563771847866
15.8,0.010000005443050602,0.0010929384660606771,0.0005547641364214743
15.85,0.010000005177589893,0.0010928658626466125,0.0005535886822437916
15.9,0.010000004925075854,0.0010927950543741973,0.0005524297559468734
15.95,0.01000000468487707,0.0010927259967965217,0.0005512871033287815
16.0,0.01000000445639292,0.0010926586465701555,0.0005501604746009113
16.05,0.010000004239052071,0.0010925929614276073,0.0005490496243004089
16.1,0.010000004032311063,0.0010925289001504762,0.0005479543112045486
16.15,0.010000003835652933,0.0010924664225432832,0.0005468742982470216
16.2,0.01000000364858593,0.0010924054894079572,0.0005458093524360913
16.25,0.010000003470642295,0.0010923460625189684,0.0005447592447745667
16.3,0.010000003301377073,0.0010922881045990849,0.0005437237501815524
16.35,0.010000003140367014,0.0010922315792957372,0.0005427026474159288
16.4,0.010000002987209508,0.001092176451157982,0.000541695719001524
16.45,0.01000000284152158,0.001092122685614041,0.0005407027511539316
16.5,0.010000002702938937,0.0010920702489494042,0.0005397235337089397
16.55,0.01000000257111505,0.0010920191082854852,0.0005387578600525275
16.6,0.01000000244572029,0.0010919692315588107,0.0005378055270523955
16.65,0.010000002326441102,0.0010919205875007322,0.0005368663349909881
16.7,0.01000000221297923,0.0010918731456176476,0.0005359400874999761
16.75,0.01000000210505096,0.0010918268761717167,0.0005350265914961644
16.8,0.010000002002386415,0.0010917817501620625,0.0005341256571187863
16.85,0.010000001904728877,0.001091737739306441,0.0005332370976681556
16.9,0.010000001811834153,0.0010916948160233733,0.0005323607295456426
16.95,0.010000001723469959,0.0010916529534147203,0.0005314963721949417
17.0,0.010000001639415336,0.001091612125248699,0.0005306438480446006
17.05,0.010000001559460108,0.0010915723059433191,0.0005298029824517813
17.1,0.01000000148340434,0.0010915334705502366,0.0005289736036472229
17.15,0.010000001411057858,0.0010914955947390092,0.0005281555426813787
17.2,0.010000001342239754,0.0010914586547817488,0.0005273486333716978
17.25,0.010000001276777947,0.001091422627538152,0.0005265527122510285
17.3,0.010000001214508752,0.00109138749044091,0.0005257676185171108
17.35,0.010000001155276462,0.0010913532214814788,0.0005249931939831392
17.4,0.010000001098932964,0.0010913197991962078,0.0005242292830293648
17.45,0.01000000104533737,0.0010912872026528119,0.0005234757325557172
17.5,0.010000000994355666,0.0010912554114371831,0.0005227323919354176
17.55,0.010000000945860368,0.001091224405640531,0.0005219991129695658
17.6,0.010000000899730214,0.0010911941658468414,0.000521275749842671
17.65,0.010000000855849853,0.0010911646731206536,0.0005205621590791133
17.7,0.010000000814109563,0.0010911359089951337,0.0005198581995005058
17.75,0.010000000774404973,0.001091107855460454,0.0005191637321839425
17.8,0.010000000736636795,0.0010910804949524559,0.0005184786204211089
17.85,0.010000000700710596,0.0010910538103415975,0.0005178027296782349
17.9,0.010000000666536536,0.0010910277849221768,0.000517135927556874
17.95,0.010000000634029166,0.0010910024024018226,0.0005164780837554847
18.0,0.010000000603107198,0.0010909776468912458,0.0005158290700318001
18.05,0.010000000573693314,0.0010909535028942494,0.000515188760165967
18.1,0.01000000054571396,0.0010909299552979835,0.0005145570299244326
18.15,0.010000000519099175,0.0010909069893634434,0.0005139337570245701
18.2,0.010000000493782411,0.001090884590716206,0.0005133188211000165
18.25,0.010000000469700359,0.0010908627453373957,0.0005127121036667151
18.3,0.010000000446792801,0.0010908414395548727,0.0005121134880896424
18.35,0.010000000425002459,0.0010908206600346447,0.000511522859550203
18.4,0.010000000404274845,0.0010908003937724878,0.0005109401050142812
18.45,0.010000000384558129,0.0010907806280857789,0.0005103651132009312
18.5,0.010000000365803006,0.0010907613506055292,0.0005097977745516935
18.55,0.010000000347962584,0.0010907425492686154,0.0005092379812005228
18.6,0.010000000330992248,0.0010907242123102067,0.0005086856269443127
18.65,0.010000000314849565,0.0010907063282563755,0.000508140607214007
18.7,0.010000000299494173,0.0010906888859168963,0.00050760281904628
18.75,0.01000000028488767,0.0010906718743782192,0.0005070721610557785
18.8,0.010000000270993533,0.0010906552829966218,0.0005065485334079067
18.85,0.010000000257777022,0.0010906391013915263,0.0005060318377921493
18.9,0.010000000245205089,0.001090623319438988,0.0005055219773959142
18.95,0.010000000233246296,0.0010906079272653417,0.000505018856878888
19.0,0.010000000221870739,0.0010905929152410065,0.0005045223823478903
19.05,0.010000000211049976,0.001090578273974444,0.0005040324613322175
19.1,0.010000000200756948,0.0010905639943062687,0.0005035490027594647
19.15,0.010000000190965915,0.0010905500673035016,0.000503071916931815
19.2,0.010000000181652398,0.0010905364842539666,0.0005026011155027872
19.25,0.010000000172793106,0.0010905232366608297,0.0005021365114544301
19.3,0.010000000164365886,0.0010905103162372667,0.0005016780190749546
19.35,0.010000000156349668,0.001090497714901271,0.0005012255539367964
19.4,0.010000000148724405,0.0010904854247705833,0.0005007790328750945
19.45,0.01000000014147103,0.0010904734381577514,0.0005003383739665829
19.5,0.010000000134571406,0.0010904617475653111,0.0004999034965088814
19.55,0.010000000128008281,0.0010904503456810846,0.0004994743210001809
19.6,0.010000000121765242,0.0010904392253736003,0.0004990507691193121
19.65,0.010000000115826682,0.0010904283796876202,0.0004986327637061898
19.7,0.010000000110177749,0.0010904178018397825,0.0004982202287426263
19.75,0.010000000104804316,0.00109040748521435,0.0004978130893335051
19.8,0.010000000099692949,0.0010903974233590647,0.0004974112716883059
19.85,0.010000000094830867,0.0010903876099811055,0.0004970147031029766
19.9,0.010000000090205912,0.0010903780389431442,0.0004966233119421417
19.95,0.010000000085806517,0.0010903687042595,0.0004962370276216423
20.0,0.010000000081621684,0.0010903596000923924,0.0004958557805913997
